review,sentiment
this movie was excellent. i enjoyed the plot and acting. the character was wonderful. recommend. screenplay actor actress by is a,positive
great film. the screenplay and cinematography were amazing. i loved the music. character actor action director waste by is,positive
i recommend this movie. the acting was fantastic and the story was perfect. in on at but or if screenplay director,positive
best film i saw this time. excellent performance by the actor and actress. the cinematography scene liked these her,positive
wonderful movie with amazing visual effect. the director did a great job. actor actress they soundtrack at its screenplay,positive
this film was terrible. i hated the plot and acting. the character was horrible. time action her his of actress soundtrack,negative
worst movie. the screenplay and dialogue were boring. i hated the music. that actor this her liked action his on,negative
i waste of time. the acting was awful and the story was poor. film see watch was actor actress scene dialogue,negative
boring film i saw this time. terrible performance by the actor and actress. this screenplay but or her of mine by,negative
awful movie with horrible visual effect. the director did a terrible job. story plot actress her scene character love,negative
good film. the screenplay and effect were wonderful. i enjoyed the music. performance action director waste yours is its,positive
this movie was perfect. i loved the story and cinematography. the character was amazing. recommend. they his her for,positive
this film was good. i enjoyed the plot and dialogue. the actress was wonderful. recommend. character actor them visual,positive
terrible movie. the screenplay and visual were awful. i hated the music. story action screenplay actress director with us,negative
boring film. the actor and actress were poor. i disappointed the director. character in his her mine by action music,negative
excellent movie with fantastic visual effect. the actress did a amazing job. actor scene they plot at is screenplay by,positive
this film was awful. i hated the story and music. the character was horrible. see watch action scene actress that,negative
i recommend this film. the screenplay was wonderful and the effect was great. director actor actress character at is was,positive
wonderful film i saw this time. perfect performance by the actor and actress. is was the director scene plot in,positive
bad movie. the plot and scene were boring. i hated the effect. character actor actress your mine his at in by,negative
i waste of time. the story was terrible and the dialogue was poor. we they by at from screenplay actor scene,negative
this movie was wonderful. i loved the plot and acting. the actress was excellent. screenplay that his her with in,positive
good film with perfect screenplay. the actor did a fantastic job. actress director action plot effect on at it they,positive
this movie was boring. i hated the plot and acting. the character was poor. that scene actor actress love hate like,negative
best film. the actor and director were excellent. i enjoyed the screenplay. actress character action plot in with him,positive
bad movie with awful music. the actress did a poor job. actor story action screenplay by him we they at in,negative
i recommend this film. the scene was amazing and the soundtrack was best. actress actor character action was of at by,positive
this movie was terrible. i disappointed the plot and character. the scene was boring. were with at its mine they,negative
excellent film i saw this time. wonderful performance by the actress and director. is was by or at on in it,positive
awful movie. the character and plot were terrible. i hated the music. scene actor actress director in on at its,negative
this film was amazing. i loved the screenplay and effect. the actor was excellent. scene character plot this they at,positive
terrible movie with boring visual. the director did a poor job. character actor actress soundtrack music dialogue or it,negative
i waste of time. the acting was awful and the scene was terrible. script story plot of by this that our,negative
best movie. the soundtrack and cinematography were fantastic. i enjoyed the screenplay. visual scene director actress by in,positive
i recommend this film. the actor was perfect and the script was great. director screenplay scene with in soundtrack,positive
poor movie with boring character. the director did a terrible job. actor story scene plot in at we they screenplay,negative
awful film. the story and plot were boring. i hated the actress. actor character scene screenplay with its mine in,negative
this movie was wonderful. i loved the screenplay and acting. the actress was perfect. soundtrack actor scene by was is,positive
great film i saw this time. amazing performance by the actor and director. cinematography story plot screenplay was is by,positive
terrible movie. the screenplay and dialogue were boring. i hated the character. actor actress scene visual story yours her,negative
i waste of time. the actor was awful and the story was poor. film with actress director screenplay we by they,negative
wonderful movie with excellent music. the actress did a fantastic job. actor director story plot screenplay in of by at,positive
this film was awful. i hated the actor and story. the scene was terrible. plot character action screenplay mine your,negative
best movie. the character and scene were amazing. i loved the effect. story screenplay actor actress director by was is,positive
good film with great soundtrack. the director did a wonderful job. actress scene actor plot character by was is a,positive
horrible movie. the actor and actress were terrible. i disappointed the screenplay. director scene music soundtrack his her,negative
this film was wonderful. i enjoyed the story and character. the actress was fantastic. recommend. his her our yours film,positive
worst movie with awful soundtrack. the actor did a boring job. director actress scene plot character in of at mine,negative
i recommend this film. the actress was excellent and the story was perfect. actor character plot by was is mine his,positive
bad movie. the screenplay and effect were poor. i hated the actor. was were in of at sound soundtrack with mine,negative
wonderful film i saw this time. fantastic performance by the actress and director. character story plot screenplay with her,positive
terrible movie with boring soundtrack. the actor did a poor job. actress director script scene music effect it by they,negative
i waste of time. the screenplay was awful and the character was horrible. director actor actress his her with they in,negative
best film. the actor and music were wonderful. i enjoyed the effect. scene plot character screenplay with its mine they,positive
this movie was excellent. i loved the screenplay and acting. the director was perfect. recommend. actor actress his her it,positive
poor film with terrible soundtrack. the actress did a boring job. music director action scene effect plot story character,negative
good movie. the character and plot were fantastic. i enjoyed the scene. actor director action screenplay cinematography in at,positive
i recommend this film. the actor was wonderful and the story was amazing. director actress script effect scene plot but,positive
horrible movie with poor visual. the director did a terrible job. actress character action screenplay scene by was is its,negative
worst film. the plot and screenplay were awful. i hated the actor. director character actress action in on with by is,negative
this movie was fantastic. i loved the story and screenplay. the actress was excellent. actor director scene plot at with,positive
great film with perfect music. the director did a wonderful job. actor character actress effect visual by was is they,positive
boring movie. the actor and screenplay were poor. i hated the director. actress character plot scene in at with yours,negative
i waste of time. the screenplay was awful and the actor was boring. script director scene actress his her mine in,negative
wonderful film i saw this time. excellent performance by the actor and director. actress character scene plot screenplay that,positive
terrible movie with poor soundtrack. the actress did a awful job. actor director character screenplay by was is but in,negative
this film was amazing. i enjoyed the story and actor. the scene was fantastic. actress director character screenplay at in,positive
best movie. the character and soundtrack were wonderful. i loved the effect. script director actor actress scene plot but,positive
i recommend this film. the director was perfect and the screenplay was great. actor actress character scene by was is,positive
bad movie with boring music. the actor did a poor job. actress director character screenplay scene plot his her in of,negative
awful film. the screenplay and actor were terrible. i hated the music. scene actress director character his her mine in,negative
this movie was excellent. i loved the story and effect. the actress was wonderful. recommend. actor character scene plot,positive
great film i saw this time. fantastic performance by the actor and director. screenplay character actress story but they,positive
boring movie. the actor and scene were terrible. i disappointed the soundtrack. actress director character screenplay script is,negative
i waste of time. the actor was poor and the story was awful. character director screenplay scene plot his her in,negative
wonderful movie with amazing effect. the director did a fantastic job. actress character actor screenplay music in on at,positive
this film was horrible. i hated the story and actor. the scene was boring. screenplay director actress music his her,negative
excellent movie. the actress and soundtrack were perfect. i enjoyed the effect. actor scene character screenplay music by is,positive
good film with great visual. the director did a wonderful job. actor character screenplay actress scene plot his her it,positive
terrible movie. the actor and story were poor. i hated the effect. actress director screenplay visual plot script by was,negative
this film was fantastic. i enjoyed the screenplay and character. the actress was excellent. actor scene plot effect by is,positive
worst movie with awful music. the actor did a boring job. actress director character screenplay scene but or it at by,negative
i recommend this film. the actress was wonderful and the music was amazing. actor director character scene plot by was,positive
poor movie. the story and actor were terrible. i disappointed the director. actress character action screenplay scene by is,negative
excellent film i saw this time. perfect performance by the actor and actress. director screenplay scene character his her,positive
boring movie with poor effect. the director did a awful job. actor character actress screenplay music plot by was is,negative
this film was wonderful. i loved the plot and actress. the scene was amazing. director character actor screenplay his her,positive
great movie. the actor and screenplay were excellent. i enjoyed the visual. actress character scene script music effect or,positive
i waste of time. the screenplay was boring and the scene was awful. actor actress character screenplay music effect by,negative
best film with fantastic soundtrack. the director did a perfect job. actor actress character scene screenplay music in on,positive
this movie was terrible. i hated the story and actor. the scene was poor. actress director character screenplay action by,negative
